Name,Mass
Alanine,71.03711384
Arginine,156.1011111
Asparagine,114.0429275
Aspartic Acid,115.0269431
Cysteine,103.0091856
Cystine,222.0132859
Glutamic Acid,129.0425932
Glutamine,128.0585776
Glycine,57.02146376
Histidine,137.0589119
Isoleucine,113.0840641
Leucine,113.0840641
Lysine,128.0949631
Methionine,131.0404858
Phenylalanine,147.068414
Proline,97.05276391
Serine,87.03202848
Threonine,101.0476785
Tryptophan,186.079313
Tyrosine,163.0633286
Valine,99.06841398